epoch,train_loss,val_loss,train_mae,val_mae,train_mad,val_mad,train_final_mae,val_final_mae,train_final_mad,val_final_mad,train_relative_mae,val_relative_mae,train_relative_mad,val_relative_mad,lr_start,lr_end,eval_ran,epoch_time_seconds,total_elapsed_seconds,best_updated,source_run_dir,source_segment_index
1,0.5384940927204723,0.4797830013205594,31.18622589111328,28.726945877075195,25.625,23.9375,31.18622589111328,28.726945877075195,25.625,23.9375,31.18622589111328,28.726945877075195,25.625,23.9375,0.0001166666666666,0.0001833333333333,True,312.9947999420001,316.8042968290001,True,90-8-no1-Bonet-master_like_train_20260410_092842,1
2,0.4751271093516939,0.4567345830534818,28.394258499145508,27.50324249267578,23.25,22.75,28.394258499145508,27.50324249267578,23.25,22.75,28.394258499145508,27.50324249267578,23.25,22.75,0.0001833333333333,0.00025,True,247.58059316000023,564.3873762769999,True,90-8-no1-Bonet-master_like_train_20260410_092842,1
3,0.3662770995566632,0.3194186903985653,23.501544952392575,21.51012420654297,18.875,18.0,23.501544952392575,21.51012420654297,18.875,18.0,23.501544952392575,21.51012420654297,18.875,18.0,0.00025,0.0002499201416852,True,248.19914033700024,812.5882808759998,True,90-8-no1-Bonet-master_like_train_20260410_092842,1
4,0.2913931461183062,0.2852450918515969,19.997217178344727,19.90055274963379,15.5,15.875,19.997217178344727,19.90055274963379,15.5,15.875,19.997217178344727,19.90055274963379,15.5,15.875,0.0002499201416852,0.0002496806708609,True,289.1553729340003,1101.748443466,True,90-8-no1-Bonet-master_like_train_20260410_092842,1
5,0.255425766672165,0.2497864582511853,18.42067146301269,18.10549545288086,14.625,14.875,18.42067146301269,18.10549545288086,14.625,14.875,18.42067146301269,18.10549545288086,14.625,14.875,0.0002496806708609,0.0002492818997514,True,326.94271833899984,1428.7028925630002,True,90-8-no1-Bonet-master_like_train_20260410_092842,1
6,0.2410727132161313,0.1830492437220221,17.71249008178711,14.929545402526855,14.0,11.9375,17.71249008178711,14.929545402526855,14.0,11.9375,17.71249008178711,14.929545402526855,14.0,11.9375,0.0002492818997514,0.000248724348278,True,309.76576857300006,1738.5018387640002,True,90-8-no1-Bonet-master_like_train_20260410_092842,1
7,0.2231177007879548,0.2965313223351268,16.86610984802246,20.60790634155273,13.1875,17.875,16.86610984802246,20.60790634155273,13.1875,17.875,16.86610984802246,20.60790634155273,13.1875,17.875,0.000248724348278,0.0002480087433816,True,289.64132772999983,2028.157302075,False,90-8-no1-Bonet-master_like_train_20260410_092842,1
8,0.2097106971364978,0.1841914947621451,16.179325103759766,14.764375686645508,12.75,11.25,16.179325103759766,14.764375686645508,12.75,11.25,16.179325103759766,14.764375686645508,12.75,11.25,0.0002480087433816,0.0002471360180744,True,314.6194517490003,2342.941526019,True,90-8-no1-Bonet-master_like_train_20260410_092842,1
9,0.1894779934450655,0.213339749802045,15.142637252807615,16.425973892211914,11.75,13.375,15.142637252807615,16.425973892211914,11.75,13.375,15.142637252807615,16.425973892211914,11.75,13.375,0.0002471360180744,0.0002461073102238,True,326.2471888119999,2669.223496758,False,90-8-no1-Bonet-master_like_train_20260410_092842,1
10,0.1825148045943422,0.1748055002716112,14.845178604125977,14.38882827758789,11.625,10.75,14.845178604125977,14.38882827758789,11.625,10.75,14.845178604125977,14.38882827758789,11.625,10.75,0.0002461073102238,0.0002449239610684,True,318.77631148599994,2988.25537455,True,90-8-no1-Bonet-master_like_train_20260410_092842,1
11,0.1708916974050591,0.1653530398830457,14.276776313781738,13.943745613098145,11.375,10.75,14.276776313781738,13.943745613098145,11.375,10.75,14.276776313781738,13.943745613098145,11.375,10.75,0.0002449239610684,0.0002435875134698,True,310.38732257799984,3298.6585982999995,True,90-8-no1-Bonet-master_like_train_20260410_092842,1
12,0.1608667262034204,0.1581243370015691,13.73170280456543,13.759028434753418,10.8125,11.5,13.73170280456543,13.759028434753418,10.8125,11.5,13.73170280456543,13.759028434753418,10.8125,11.5,0.0002435875134698,0.0002420997099008,True,397.4757388580001,3696.169614873,True,90-8-no1-Bonet-master_like_train_20260410_092842,1
13,0.1526399923709328,0.1917934471853652,13.30430793762207,15.19166374206543,10.375,11.625,13.30430793762207,15.19166374206543,10.375,11.625,13.30430793762207,15.19166374206543,10.375,11.625,0.0002420997099008,0.0002404624901734,True,373.6537773419996,4069.88783996,False,90-8-no1-Bonet-master_like_train_20260410_092842,1
14,0.1516801115947003,0.1872687751497827,13.269648551940918,15.031206130981444,10.625,11.375,13.269648551940918,15.031206130981444,10.625,11.375,13.269648551940918,15.031206130981444,10.625,11.375,0.0002404624901734,0.0002386779889096,True,355.24994010499995,4425.266017917,False,90-8-no1-Bonet-master_like_train_20260410_092842,1
15,0.1402843391454582,0.1374503439409869,12.662726402282717,12.442474365234377,10.0,9.5,12.662726402282717,12.442474365234377,10.0,9.5,12.662726402282717,12.442474365234377,10.0,9.5,0.0002386779889096,0.0002367485327588,True,348.33146141399993,4773.67807521,True,90-8-no1-Bonet-master_like_train_20260410_092842,1
16,0.137913943392682,0.1569786235836411,12.6149320602417,13.389397621154783,10.125,9.9375,12.6149320602417,13.389397621154783,10.125,9.9375,12.6149320602417,13.389397621154783,10.125,9.9375,0.0002367485327588,0.0002346766373637,True,366.0113968510004,5139.739523267999,False,90-8-no1-Bonet-master_like_train_20260410_092842,1
17,0.1366876928741935,0.2015705105925676,12.49350929260254,15.663788795471191,9.875,12.28125,12.49350929260254,15.663788795471191,9.875,12.28125,12.49350929260254,15.663788795471191,9.875,12.28125,0.0002346766373637,0.0002324650040805,True,336.73754030300006,5476.564715144999,False,90-8-no1-Bonet-master_like_train_20260410_092842,1
18,0.1298202970432379,0.2337820861399759,12.087606430053713,17.46108055114746,9.625,13.375,12.087606430053713,17.46108055114746,9.625,13.375,12.087606430053713,17.46108055114746,9.625,13.375,0.0002324650040805,0.0002301165164571,True,296.56038734200047,5773.291907053999,False,90-8-no1-Bonet-master_like_train_20260410_092842,1
19,0.1262334604878022,0.1397347774612619,11.863347053527832,12.564669609069824,9.375,9.6875,11.863347053527832,12.564669609069824,9.375,9.6875,11.863347053527832,12.564669609069824,9.375,9.6875,0.0002301165164571,0.0002276342364734,True,272.2434026899992,6045.585844417999,False,90-8-no1-Bonet-master_like_train_20260410_092842,1
20,0.1226896565184309,0.1477630372468753,11.733367919921877,12.876599311828612,9.25,9.375,11.733367919921877,12.876599311828612,9.25,9.375,11.733367919921877,12.876599311828612,9.25,9.375,0.0002276342364734,0.0002250214005489,True,265.3104533559999,6310.949603990999,False,90-8-no1-Bonet-master_like_train_20260410_092842,1
21,0.1200894629994912,0.1593873086182967,11.63011360168457,13.574793815612791,9.25,10.3125,11.63011360168457,13.574793815612791,9.25,10.3125,11.63011360168457,13.574793815612791,9.25,10.3125,0.0002250214005489,0.0002222814153231,True,266.37564973999906,6577.347796442,False,90-8-no1-Bonet-master_like_train_20260410_092842,1
22,0.1193088082814776,0.1225875159529616,11.550602912902832,11.427529335021973,9.25,8.375,11.550602912902832,11.427529335021973,9.25,8.375,11.550602912902832,11.427529335021973,9.25,8.375,0.0002222814153231,0.0002194178532141,True,267.7600491639987,6845.136006745999,True,90-8-no1-Bonet-master_like_train_20260410_092842,1
23,0.1136643044016895,0.1333244166233763,11.266237258911133,12.228742599487305,9.0,9.3125,11.266237258911133,12.228742599487305,9.0,9.3125,11.266237258911133,12.228742599487305,9.0,9.3125,0.0002194178532141,0.0002164344477605,True,254.990086111,7100.128838741999,False,90-8-no1-Bonet-master_like_train_20260410_092842,1
24,0.1098006913349225,0.1365993151867038,10.972122192382812,12.235712051391602,8.625,9.3125,10.972122192382812,12.235712051391602,8.625,9.3125,10.972122192382812,12.235712051391602,8.625,9.3125,0.0002164344477605,0.0002133350887539,True,254.20517470599955,7354.357484140999,False,90-8-no1-Bonet-master_like_train_20260410_092842,1
25,0.1080540268113923,0.1191100755714266,10.944554328918455,11.316795349121094,8.75,8.625,10.944554328918455,11.316795349121094,8.75,8.625,10.944554328918455,11.316795349121094,8.75,8.625,0.0002133350887539,0.0002101238171672,True,254.93677070400008,7609.297935918001,True,90-8-no1-Bonet-master_like_train_20260410_092842,1
26,0.1065762072891143,0.1292795784990884,10.813945770263672,11.88911247253418,8.625,8.875,10.813945770263672,11.88911247253418,8.625,8.875,10.813945770263672,11.88911247253418,8.625,8.875,0.0002101238171672,0.0002068048198857,True,252.12067875699904,7861.420596976,False,90-8-no1-Bonet-master_like_train_20260410_092842,1
27,0.1045393563514096,0.1285385786442067,10.757762908935549,12.083296775817873,8.75,9.4375,10.757762908935549,12.083296775817873,8.75,9.4375,10.757762908935549,12.083296775817873,8.75,9.4375,0.0002068048198857,0.0002033824242489,True,256.84715084399977,8118.276120226999,False,90-8-no1-Bonet-master_like_train_20260410_092842,1
28,0.1021095620696552,0.1168269699368871,10.547751426696776,11.341185569763184,8.25,8.875,10.547751426696776,11.341185569763184,8.25,8.875,10.547751426696776,11.341185569763184,8.25,8.875,0.0002033824242489,0.0001998610924076,True,254.15505299600045,8372.445872804,False,90-8-no1-Bonet-master_like_train_20260410_092842,1
29,0.1041078086561831,0.1477519458507254,10.690962791442873,12.730780601501465,8.5,9.375,10.690962791442873,12.730780601501465,8.5,9.375,10.690962791442873,12.730780601501465,8.5,9.375,0.0001998610924076,0.0001962454155068,True,255.88335879999977,8628.342713251,False,90-8-no1-Bonet-master_like_train_20260410_092842,1
30,0.1026451601598502,0.1173118925006827,10.6231050491333,10.894722938537598,8.5,7.875,10.6231050491333,10.894722938537598,8.5,7.875,10.6231050491333,10.894722938537598,8.5,7.875,0.0001962454155068,0.0001925401076995,True,254.82039361199892,8883.174658617,True,90-8-no1-Bonet-master_like_train_20260410_092842,1
31,0.0946319325659318,0.1273616054846394,10.157331466674805,12.01231575012207,8.0,9.5,10.157331466674805,12.01231575012207,8.0,9.5,10.157331466674805,12.01231575012207,8.0,9.5,0.0001925401076995,0.0001887499999999,True,254.681658341,9137.859256637,False,90-8-no1-Bonet-master_like_train_20260410_092842,1
32,0.0946801578660976,0.1569371525234794,10.11874294281006,13.270445823669434,8.0,9.875,10.11874294281006,13.270445823669434,8.0,9.875,10.11874294281006,13.270445823669434,8.0,9.875,0.0001887499999999,0.0001848800339857,True,251.9219221269996,9389.793699923,False,90-8-no1-Bonet-master_like_train_20260410_092842,1
33,0.0944691444885381,0.1169241250062891,10.100656509399414,11.174986839294434,7.9375,8.75,10.100656509399414,11.174986839294434,7.9375,8.75,10.100656509399414,11.174986839294434,7.9375,8.75,0.0001848800339857,0.000180935255354,True,252.16382548300132,9641.965497092,False,90-8-no1-Bonet-master_like_train_20260410_092842,1
34,0.0909749364154387,0.1198743785121497,9.908247947692873,11.321857452392578,7.875,8.625,9.908247947692873,11.321857452392578,7.875,8.625,9.908247947692873,11.321857452392578,7.875,8.625,0.000180935255354,0.0001769208073437,True,253.513053527,9895.510173977,False,90-8-no1-Bonet-master_like_train_20260410_092842,1
35,0.091071338334279,0.1228920482360296,9.890007972717283,11.452402114868164,7.8125,8.75,9.890007972717283,11.452402114868164,7.8125,8.75,9.890007972717283,11.452402114868164,7.8125,8.75,0.0001769208073437,0.0001728419240291,True,256.29303341299965,10151.818472502,False,90-8-no1-Bonet-master_like_train_20260410_092842,1
36,0.0886221033894305,0.1084237147702575,9.8131742477417,10.647527694702148,7.875,7.875,9.8131742477417,10.647527694702148,7.875,7.875,9.8131742477417,10.647527694702148,7.875,7.875,0.0001728419240291,0.0001687039234958,True,260.45391925400145,10412.286191837,True,90-8-no1-Bonet-master_like_train_20260410_092842,1
37,0.0879600478227326,0.1364316639149506,9.715189933776855,12.293171882629396,7.75,9.0,9.715189933776855,12.293171882629396,7.75,9.0,9.715189933776855,12.293171882629396,7.75,9.0,0.0001687039234958,0.0001645122009072,True,253.19185488900075,10665.490509434,False,90-8-no1-Bonet-master_like_train_20260410_092842,1
38,0.0851129489102621,0.1206119777882918,9.52716064453125,11.565436363220217,7.625,9.125,9.52716064453125,11.565436363220217,7.625,9.125,9.52716064453125,11.565436363220217,7.625,9.125,0.0001645122009072,0.0001602722214698,True,252.9323106669999,10918.430661086,False,90-8-no1-Bonet-master_like_train_20260410_092842,1
39,0.0848743450937972,0.1180802719173809,9.558710098266602,11.299986839294434,7.640625,8.375,9.558710098266602,11.299986839294434,7.640625,8.375,9.558710098266602,11.299986839294434,7.640625,8.375,0.0001602722214698,0.0001559895133078,True,250.66974665599992,11169.109920812,False,90-8-no1-Bonet-master_like_train_20260410_092842,1
40,0.082321176868854,0.116408094011383,9.386297225952148,11.2267484664917,7.5,8.625,9.386297225952148,11.2267484664917,7.5,8.625,9.386297225952148,11.2267484664917,7.5,8.625,0.0001559895133078,0.0001516696602557,True,251.22553397900083,11420.340886214,False,90-8-no1-Bonet-master_like_train_20260410_092842,1
41,0.0822956418641287,0.1031272172886058,9.35776710510254,10.291790962219238,7.375,7.8125,9.35776710510254,10.291790962219238,7.375,7.8125,9.35776710510254,10.291790962219238,7.375,7.8125,0.0001516696602557,0.0001473182945777,True,251.93182955800148,11672.279853551,True,90-8-no1-Bonet-master_like_train_20260410_092842,1
42,0.0806277740826113,0.1114294188721484,9.297484397888184,10.799373626708984,7.625,7.8125,9.297484397888184,10.799373626708984,7.625,7.8125,9.297484397888184,10.799373626708984,7.625,7.8125,0.0001473182945777,0.0001429410896244,True,253.2661576010014,11925.552919176,False,90-8-no1-Bonet-master_like_train_20260410_092842,1
43,0.0811227206568171,0.1087875527553103,9.306931495666504,10.693833351135254,7.5,8.125,9.306931495666504,10.693833351135254,7.5,8.125,9.306931495666504,10.693833351135254,7.5,8.125,0.0001429410896244,0.0001385437524362,True,250.9555389100005,12176.512818627,False,90-8-no1-Bonet-master_like_train_20260410_092842,1
44,0.0803895492728801,0.1078646484590011,9.260687828063965,10.676170349121094,7.375,7.875,9.260687828063965,10.676170349121094,7.375,7.875,9.260687828063965,10.676170349121094,7.375,7.875,0.0001385437524362,0.0001341320163017,True,250.6202100139999,12427.139601098,False,90-8-no1-Bonet-master_like_train_20260410_092842,1
45,0.0749782390385035,0.1166807650307619,8.910165786743164,10.984682083129885,7.125,7.625,8.910165786743164,10.984682083129885,7.125,7.625,8.910165786743164,10.984682083129885,7.125,7.625,0.0001341320163017,0.0001297116332831,True,252.4849666859991,12679.629779609,False,90-8-no1-Bonet-master_like_train_20260410_092842,1
46,0.0780733107768801,0.1097278632641591,9.113646507263184,10.617899894714355,7.25,7.375,9.113646507263184,10.617899894714355,7.25,7.375,9.113646507263184,10.617899894714355,7.25,7.375,0.0001297116332831,0.0001252883667168,True,252.91894911999952,12932.552268533,False,90-8-no1-Bonet-master_like_train_20260410_092842,1
47,0.0754833213465623,0.1102792116360109,8.92180061340332,10.595043182373049,7.125,7.5625,8.92180061340332,10.595043182373049,7.125,7.5625,8.92180061340332,10.595043182373049,7.125,7.5625,0.0001252883667168,0.0001208679836982,True,251.327892538,13183.893182146,False,90-8-no1-Bonet-master_like_train_20260410_092842,1
48,0.0754671788867206,0.1058483579278326,8.966140747070312,10.43333625793457,7.25,7.625,8.966140747070312,10.43333625793457,7.25,7.625,8.966140747070312,10.43333625793457,7.25,7.625,0.0001208679836982,0.0001164562475637,True,251.33078312900037,13435.238334423,False,90-8-no1-Bonet-master_like_train_20260410_092842,1
49,0.0736719592500012,0.133076605019989,8.851563453674316,12.115138053894045,7.0625,9.0,8.851563453674316,12.115138053894045,7.0625,9.0,8.851563453674316,12.115138053894045,7.0625,9.0,0.0001164562475637,0.0001120589103755,True,250.3794260950017,13685.623865268,False,90-8-no1-Bonet-master_like_train_20260410_092842,1
50,0.0740214444410603,0.1064108507537908,8.826440811157227,10.56784725189209,7.0,8.25,8.826440811157227,10.56784725189209,7.0,8.25,8.826440811157227,10.56784725189209,7.0,8.25,0.0001120589103755,0.0001076817054222,True,252.280490207002,13937.911318051,False,90-8-no1-Bonet-master_like_train_20260410_092842,1
51,0.0723580363605315,0.1123796705193138,8.749505043029785,10.760540962219238,6.875,8.125,8.749505043029785,10.760540962219238,6.875,8.125,8.749505043029785,10.760540962219238,6.875,8.125,0.0001076817054222,0.0001033303397442,True,253.39042316999985,14191.309554353,False,90-8-no1-Bonet-master_like_train_20260410_092842,1
52,0.0715663833592844,0.1096811867612943,8.734115600585938,10.894481658935549,7.0,8.75,8.734115600585938,10.894481658935549,7.0,8.75,8.734115600585938,10.894481658935549,7.0,8.75,0.0001033303397442,9.901048669214691e-05,True,257.76116879700203,14463.472026832998,False,90-8-no1-Bonet-master_like_train_20260410_134545,2
53,0.0708053378424582,0.0984387497873493,8.62756061553955,10.11123752593994,6.8125,7.75,8.62756061553955,10.11123752593994,6.8125,7.75,8.62756061553955,10.11123752593994,6.8125,7.75,9.901048669214691e-05,9.47277785301704e-05,True,243.39114359700037,14706.872463584998,True,90-8-no1-Bonet-master_like_train_20260410_134545,2
54,0.0708330950374606,0.1071258782504484,8.606586456298828,10.649062156677246,6.75,8.1875,8.606586456298828,10.649062156677246,6.75,8.1875,8.606586456298828,10.649062156677246,6.75,8.1875,9.47277785301704e-05,9.048779909272728e-05,True,242.3774567799992,14949.252619907998,False,90-8-no1-Bonet-master_like_train_20260410_134545,2
55,0.0695608910668435,0.1063527584149075,8.548824310302734,10.472738265991213,6.75,7.5,8.548824310302734,10.472738265991213,6.75,7.5,8.548824310302734,10.472738265991213,6.75,7.5,9.048779909272728e-05,8.629607650410348e-05,True,241.2876348259997,15190.551396185001,False,90-8-no1-Bonet-master_like_train_20260410_134545,2
56,0.0695532941419045,0.1037375278102147,8.53766918182373,10.307547569274902,6.75,7.875,8.53766918182373,10.307547569274902,6.75,7.875,8.53766918182373,10.307547569274902,6.75,7.875,8.629607650410348e-05,8.215807597086046e-05,True,244.20218216700232,15434.759344184,False,90-8-no1-Bonet-master_like_train_20260410_134545,2
57,0.0678593817052837,0.1034373285308961,8.435747146606445,10.240642547607422,6.75,7.1875,8.435747146606445,10.240642547607422,6.75,7.1875,8.435747146606445,10.240642547607422,6.75,7.1875,8.215807597086046e-05,7.807919265624841e-05,True,246.2883198160016,15681.055325237998,False,90-8-no1-Bonet-master_like_train_20260410_134545,2
58,0.065540659617062,0.1007670651374157,8.306976318359375,10.202861785888672,6.75,7.875,8.306976318359375,10.202861785888672,6.75,7.875,8.306976318359375,10.202861785888672,6.75,7.875,7.807919265624841e-05,7.406474464594293e-05,True,244.22759972600036,15925.28993109,False,90-8-no1-Bonet-master_like_train_20260410_134545,2
59,0.0659562043724892,0.1026072600467175,8.277339935302734,10.354378700256348,6.5625,7.875,8.277339935302734,10.354378700256348,6.5625,7.875,8.277339935302734,10.354378700256348,6.5625,7.875,7.406474464594293e-05,7.011996601427568e-05,True,243.38631457299925,16168.683561892998,False,90-8-no1-Bonet-master_like_train_20260410_134545,2
60,0.0644561368738002,0.0967603281641909,8.19592571258545,9.94446849822998,6.625,7.6875,8.19592571258545,9.94446849822998,6.625,7.6875,8.19592571258545,9.94446849822998,6.625,7.6875,7.011996601427568e-05,6.624999999999993e-05,True,244.2704629159998,16412.959859058,True,90-8-no1-Bonet-master_like_train_20260410_134545,2
61,0.0649046711698296,0.1122400793253455,8.262446403503418,10.798452377319336,6.625,7.875,8.262446403503418,10.798452377319336,6.625,7.875,8.262446403503418,10.798452377319336,6.625,7.875,6.624999999999993e-05,6.245989230048882e-05,True,244.1851848469996,16657.14858632,False,90-8-no1-Bonet-master_like_train_20260410_134545,2
62,0.0630163458528998,0.1028794979867309,8.085222244262695,10.321440696716309,6.25,7.875,8.085222244262695,10.321440696716309,6.25,7.875,8.085222244262695,10.321440696716309,6.25,7.875,6.245989230048882e-05,5.8754584493108136e-05,True,242.94829823100008,16900.100360671,False,90-8-no1-Bonet-master_like_train_20260410_134545,2
63,0.0616778394628327,0.1043091602780207,8.00629997253418,10.394306182861328,6.375,7.875,8.00629997253418,10.394306182861328,6.375,7.875,8.00629997253418,10.394306182861328,6.375,7.875,5.8754584493108136e-05,5.513890759234248e-05,True,244.29702822200125,17144.404545144,False,90-8-no1-Bonet-master_like_train_20260410_134545,2
64,0.0614410782115172,0.1010547466210362,8.0599365234375,10.106854438781738,6.625,7.375,8.0599365234375,10.106854438781738,6.625,7.375,8.0599365234375,10.106854438781738,6.625,7.375,5.513890759234248e-05,5.161757575107395e-05,True,242.96320655100132,17387.373463243,False,90-8-no1-Bonet-master_like_train_20260410_134545,2
65,0.060993515595487,0.1051339653711165,7.987149238586426,10.342150688171388,6.3125,7.5,7.987149238586426,10.342150688171388,6.3125,7.5,7.987149238586426,10.342150688171388,6.3125,7.5,5.161757575107395e-05,4.81951801142261e-05,True,243.66910682800156,17631.050793882998,False,90-8-no1-Bonet-master_like_train_20260410_134545,2
66,0.060845504297604,0.1018401138996509,8.000205039978027,10.268320083618164,6.4375,7.6875,8.000205039978027,10.268320083618164,6.4375,7.6875,8.000205039978027,10.268320083618164,6.4375,7.6875,4.81951801142261e-05,4.487618283278703e-05,True,243.6884768630007,17874.748408786,False,90-8-no1-Bonet-master_like_train_20260410_134545,2
67,0.0606379575160352,0.1003974406322958,7.932096481323242,10.13025951385498,6.25,7.125,7.932096481323242,10.13025951385498,6.25,7.125,7.932096481323242,10.13025951385498,6.25,7.125,4.487618283278703e-05,4.166491124601554e-05,True,242.896167764,18117.656539642,False,90-8-no1-Bonet-master_like_train_20260410_134545,2
68,0.058366276094484,0.109540610685213,7.824972152709961,10.615138053894045,6.25,7.5,7.824972152709961,10.615138053894045,6.25,7.5,7.824972152709961,10.615138053894045,6.25,7.5,4.166491124601554e-05,3.856555223941645e-05,True,243.46597990199731,18361.126103766,False,90-8-no1-Bonet-master_like_train_20260410_134545,2
69,0.0589594482490869,0.1018509346087885,7.855977535247803,10.176477432250977,6.25,7.375,7.855977535247803,10.176477432250977,6.25,7.375,7.855977535247803,10.176477432250977,6.25,7.375,3.856555223941645e-05,3.558214678584069e-05,True,241.610585978,18602.743427633,False,90-8-no1-Bonet-master_like_train_20260410_134545,2
70,0.0586627853572629,0.1005144747284986,7.854272842407227,10.070454597473145,6.3125,7.5,7.854272842407227,10.070454597473145,6.3125,7.5,7.854272842407227,10.070454597473145,6.3125,7.5,3.558214678584069e-05,3.271858467682753e-05,True,243.05436765600095,18845.804488228998,False,90-8-no1-Bonet-master_like_train_20260410_134545,2
71,0.0580796576796214,0.095846769529255,7.790236473083496,9.86752700805664,6.25,7.5,7.790236473083496,9.86752700805664,6.25,7.5,7.790236473083496,9.86752700805664,6.25,7.5,3.271858467682753e-05,2.9978599451058623e-05,True,265.97825678199297,19122.060273439994,True,90-8-no1-Bonet-master_like_train_20260410_171042,3
72,0.0570263270037006,0.0977450663231699,7.703771114349365,9.958362579345703,6.125,7.25,7.703771114349365,9.958362579345703,6.125,7.25,7.703771114349365,9.958362579345703,6.125,7.25,2.9978599451058623e-05,2.736576352653574e-05,True,279.16823659900547,19401.232189949995,False,90-8-no1-Bonet-master_like_train_20260410_171042,3
73,0.0574363061564256,0.0997284295306466,7.716670036315918,10.06087875366211,6.125,7.25,7.716670036315918,10.06087875366211,6.125,7.25,7.716670036315918,10.06087875366211,6.125,7.25,2.736576352653574e-05,2.488348354282932e-05,True,289.1850173269995,19690.480639946,False,90-8-no1-Bonet-master_like_train_20260410_171042,3
74,0.0566246204487463,0.1014606132894378,7.690997123718262,10.166790962219238,6.125,7.4375,7.690997123718262,10.166790962219238,6.125,7.4375,7.690997123718262,10.166790962219238,6.125,7.4375,2.488348354282932e-05,2.2534995919470304e-05,True,249.9669516099966,19940.475378234994,False,90-8-no1-Bonet-master_like_train_20260410_171042,3
75,0.0577154620653186,0.0982894329628469,7.721319675445557,9.998684883117676,6.125,7.375,7.721319675445557,9.998684883117676,6.125,7.375,7.721319675445557,9.998684883117676,6.125,7.375,2.2534995919470304e-05,2.0323362636276658e-05,True,227.57676632700168,20168.066270851,False,90-8-no1-Bonet-master_like_train_20260410_171042,3
76,0.0572627859913997,0.1000910177722385,7.675907135009766,10.092544555664062,6.125,7.4375,7.675907135009766,10.092544555664062,6.125,7.4375,7.675907135009766,10.092544555664062,6.125,7.4375,2.0323362636276658e-05,1.8251467241115663e-05,True,226.5673438730009,20394.667958535996,False,90-8-no1-Bonet-master_like_train_20260410_171042,3
77,0.0554731285412891,0.0969703862493202,7.577595710754394,9.942386627197266,6.0,7.375,7.577595710754394,9.942386627197266,6.0,7.375,7.577595710754394,9.942386627197266,6.0,7.375,1.8251467241115663e-05,1.6322011090307774e-05,True,227.85706776599545,20622.546730776994,False,90-8-no1-Bonet-master_like_train_20260410_171042,3
78,0.0540478014852088,0.1008974948863996,7.496443271636963,10.084853172302246,6.0,7.1875,7.496443271636963,10.084853172302246,6.0,7.1875,7.496443271636963,10.084853172302246,6.0,7.1875,1.6322011090307774e-05,1.4537509826573213e-05,True,226.96622485900295,20849.524867441993,False,90-8-no1-Bonet-master_like_train_20260410_171042,3
79,0.0539111780754759,0.0952063801830313,7.459926128387451,9.774040222167969,5.875,7.0,7.459926128387451,9.774040222167969,5.875,7.0,7.459926128387451,9.774040222167969,5.875,7.0,1.4537509826573213e-05,1.2900290099113882e-05,True,230.65670562199372,21080.19535535,True,90-8-no1-Bonet-master_like_train_20260410_171042,3
80,0.0543697232876106,0.0985047879509972,7.528677463531494,10.013104438781738,6.0,7.25,7.528677463531494,10.013104438781738,6.0,7.25,7.528677463531494,10.013104438781738,6.0,7.25,1.2900290099113882e-05,1.1412486530106711e-05,True,226.68038426300336,21306.880379936993,False,90-8-no1-Bonet-master_like_train_20260410_171042,3
81,0.0527241021658301,0.0986809883930238,7.355846405029297,9.996734619140623,5.875,7.5,7.355846405029297,9.996734619140623,5.875,7.5,7.355846405029297,9.996734619140623,5.875,7.5,1.1412486530106711e-05,1.007603893156344e-05,True,228.71525806499997,21535.609491035997,False,90-8-no1-Bonet-master_like_train_20260410_171042,3
82,0.054671900773378,0.0972809842350105,7.5329203605651855,9.853063583374023,6.0,6.9375,7.5329203605651855,9.853063583374023,6.0,6.9375,7.5329203605651855,9.853063583374023,6.0,6.9375,1.007603893156344e-05,8.892689776185994e-06,True,299.1826294920029,21834.813308332,False,90-8-no1-Bonet-master_like_train_20260410_171042,3
83,0.0523823203883306,0.0980128397613889,7.385133266448975,9.898163795471191,6.0,6.9375,7.385133266448975,9.898163795471191,6.0,6.9375,7.385133266448975,9.898163795471191,6.0,6.9375,8.892689776185994e-06,7.863981925514384e-06,True,264.6883191309971,22099.858339911996,False,90-8-no1-Bonet-master_like_train_20260410_171042,3
84,0.0528422824609661,0.0969281822213116,7.398512840270996,9.866913795471191,5.9375,7.25,7.398512840270996,9.866913795471191,5.9375,7.25,7.398512840270996,9.866913795471191,5.9375,7.25,7.863981925514384e-06,6.991256618329672e-06,True,247.28206198900443,22347.150934378995,False,90-8-no1-Bonet-master_like_train_20260410_171042,3
85,0.0535502673968526,0.0966790299784251,7.424359321594238,9.900004386901855,5.875,7.25,7.424359321594238,9.900004386901855,5.875,7.25,7.424359321594238,9.900004386901855,5.875,7.25,6.991256618329672e-06,6.275651721934426e-06,True,258.57027783399826,22605.771415991992,False,90-8-no1-Bonet-master_like_train_20260410_171042,3
86,0.0542796797768174,0.0981088653833802,7.481085300445557,9.953410148620604,6.0,7.0,7.481085300445557,9.953410148620604,6.0,7.0,7.481085300445557,9.953410148620604,6.0,7.0,6.275651721934426e-06,5.71810024859095e-06,True,252.26113821799663,22858.258531121995,False,90-8-no1-Bonet-master_like_train_20260410_171042,3
87,0.0536430720752096,0.099856789940955,7.428186416625977,10.020621299743652,5.875,7.3125,7.428186416625977,10.020621299743652,5.875,7.3125,7.428186416625977,10.020621299743652,5.875,7.3125,5.71810024859095e-06,5.319329139051152e-06,True,244.06483643200045,23102.361647039994,False,90-8-no1-Bonet-master_like_train_20260410_171042,3
88,0.0519065849097661,0.0988835311203484,7.336283206939697,9.972760200500488,5.96875,7.375,7.336283206939697,9.972760200500488,5.96875,7.375,7.336283206939697,9.972760200500488,5.96875,7.375,5.319329139051152e-06,5.079858314764574e-06,True,232.2660525819956,23334.669218072995,False,90-8-no1-Bonet-master_like_train_20260410_171042,3
89,0.0527403671664198,0.0967712212787604,7.37637996673584,9.90497875213623,5.875,7.125,7.37637996673584,9.90497875213623,5.875,7.125,7.37637996673584,9.90497875213623,5.875,7.125,5.079858314764574e-06,5e-06,True,232.1481254329992,23566.835517346997,False,90-8-no1-Bonet-master_like_train_20260410_171042,3
